Library Source	bases	rel_bases
GENOMIC	1.07033404156e+16	0.861847052428
TRANSCRIPTOMIC	1.44299770642e+15	0.116192073843
METAGENOMIC	2.04642232056e+14	0.0164780617687
METATRANSCRIPTOMIC	4.62744846797e+13	0.00372608238879
OTHER	1.35684144357e+13	0.00109254658204
VIRAL RNA	4.55973064846e+12	0.000367155510957
SYNTHETIC	3.688805576e+12	0.000297027478264
